<?xml version="1.0" encoding="UTF-8"?>
<project-private xmlns="http://www.netbeans.org/ns/project-private/1">
    <editor-bookmarks xmlns="http://www.netbeans.org/ns/editor-bookmarks/2" lastBookmarkId="0"/>
    <open-files xmlns="http://www.netbeans.org/ns/projectui-open-files/2">
        <group>
            <file>file:/C:/Users/Jan.simanek/Documents/NetBeansProjects/brick_breaker/src/App/FXMLDocumentController.java</file>
            <file>file:/C:/Users/Jan.simanek/Documents/NetBeansProjects/brick_breaker/src/App/translateStart.java</file>
            <file>file:/C:/Users/Jan.simanek/Documents/NetBeansProjects/brick_breaker/src/App/FXMain.java</file>
            <file>file:/C:/Users/Jan.simanek/Documents/NetBeansProjects/brick_breaker/src/App/setColor.java</file>
            <file>file:/C:/Users/Jan.simanek/Documents/NetBeansProjects/brick_breaker/src/App/FXML.fxml</file>
        </group>
    </open-files>
</project-private>
